{"is_source_file": false, "format": "", "description": "", "external_files": [], "external_methods": [], "published": [], "classes": [], "methods": [], "calls": [], "search-terms": [], "state": 2, "file_id": 3, "knowledge_revision": 26, "git_revision": "24d05a5a7475d298443badfa807076d56af779e2", "hash": "fb55c3e4b13521b262f9e916b9e1fec1", "format-version": 4, "code-base-name": "frontend_web_app", "filename": "frontend_web_app/src/App.css", "revision_history": [{"26": "24d05a5a7475d298443badfa807076d56af779e2"}]}