{"is_source_file": false, "format": "", "description": "", "external_files": [], "external_methods": [], "published": [], "classes": [], "methods": [], "calls": [], "search-terms": [], "state": 2, "file_id": 11, "knowledge_revision": 18, "git_revision": "24d05a5a7475d298443badfa807076d56af779e2", "hash": "d9d975cebe2ec20b6c652e1e4c12ccf0", "format-version": 4, "code-base-name": "frontend_web_app", "filename": "frontend_web_app/public/manifest.json", "revision_history": [{"18": "24d05a5a7475d298443badfa807076d56af779e2"}]}