{"is_source_file": true, "file_id": 14, "git_revision": "", "state": 1, "description": "", "external_files": [], "external_methods": [], "published": [], "classes": [], "methods": [], "calls": [], "search-terms": [], "ctags": [{"_type": "tag", "name": "TOKEN_KEY", "path": "/home/kavia/workspace/code-generation/enterprise-project-management-platform-6783-6792/frontend_web_app/src/auth/tokenStorage.js", "pattern": "/^const TOKEN_KEY = \"epm.jwt\";$/", "language": "JavaScript", "kind": "constant"}, {"_type": "tag", "name": "clearToken", "path": "/home/kavia/workspace/code-generation/enterprise-project-management-platform-6783-6792/frontend_web_app/src/auth/tokenStorage.js", "pattern": "/^export function clearToken() {$/", "language": "JavaScript", "kind": "function", "signature": "()"}, {"_type": "tag", "name": "getToken", "path": "/home/kavia/workspace/code-generation/enterprise-project-management-platform-6783-6792/frontend_web_app/src/auth/tokenStorage.js", "pattern": "/^export function getToken() {$/", "language": "JavaScript", "kind": "function", "signature": "()"}, {"_type": "tag", "name": "setToken", "path": "/home/kavia/workspace/code-generation/enterprise-project-management-platform-6783-6792/frontend_web_app/src/auth/tokenStorage.js", "pattern": "/^export function setToken(token) {$/", "language": "JavaScript", "kind": "function", "signature": "(token)"}], "format": "JavaScript", "hash": "3bb3fc5e0961e8818c9c1ea4c7a0f3b0", "format-version": 4, "code-base-name": "frontend_web_app", "filename": "frontend_web_app/src/auth/tokenStorage.js", "knowledge_revision": 29}