{"is_source_file": true, "format": "JavaScript (ESM module)", "description": "ESLint configuration file for a web project, specifying parser options, globals, and plugins/rules for code linting.", "external_files": ["@eslint/js", "eslint-plugin-react"], "external_methods": [], "published": [], "classes": [], "methods": [], "calls": ["pluginJs", "pluginReact", "pluginJs.configs.recommended"], "search-terms": ["eslint", "eslint.config.mjs", "ESLint configuration", "plugins", "rules", "parserOptions", "globals", "react"], "state": 2, "file_id": 12, "knowledge_revision": 23, "git_revision": "24d05a5a7475d298443badfa807076d56af779e2", "hash": "be6538e7523bc2e9da0743133d784136", "format-version": 4, "code-base-name": "frontend_web_app", "filename": "frontend_web_app/eslint.config.mjs", "revision_history": [{"23": "24d05a5a7475d298443badfa807076d56af779e2"}]}