{"is_source_file": false, "format": "", "description": "", "external_files": [], "external_methods": [], "published": [], "classes": [], "methods": [], "calls": [], "search-terms": [], "state": 2, "file_id": 10, "knowledge_revision": 17, "git_revision": "24d05a5a7475d298443badfa807076d56af779e2", "hash": "d2b40d02d5f7873d8a6713bad837edd4", "format-version": 4, "code-base-name": "frontend_web_app", "filename": "frontend_web_app/public/index.html", "revision_history": [{"17": "24d05a5a7475d298443badfa807076d56af779e2"}]}