{"is_source_file": false, "format": "", "description": "", "external_files": [], "external_methods": [], "published": [], "classes": [], "methods": [], "calls": [], "search-terms": [], "state": 2, "file_id": 2, "knowledge_revision": 21, "git_revision": "24d05a5a7475d298443badfa807076d56af779e2", "hash": "ebece526bc2eadd78ddd787a76c56607", "format-version": 4, "code-base-name": "frontend_web_app", "filename": "frontend_web_app/README.md", "revision_history": [{"21": "24d05a5a7475d298443badfa807076d56af779e2"}]}