{"is_source_file": true, "format": "JavaScript (React)", "description": "This file serves as the entry point for a React web application, importing core libraries, styles, and the main App component, then rendering it into the DOM.", "external_files": ["./App", "./index.css"], "external_methods": ["ReactDOM.createRoot", "root.render"], "published": [], "classes": [], "methods": [{"name": "root.render", "description": "Renders the React component tree into the DOM node."}], "calls": ["ReactDOM.createRoot", "root.render", "React.StrictMode", "App"], "search-terms": ["ReactDOM", "createRoot", "render", "React.StrictMode", "App"], "state": 2, "file_id": 8, "knowledge_revision": 24, "git_revision": "24d05a5a7475d298443badfa807076d56af779e2", "ctags": [{"_type": "tag", "name": "root", "path": "/home/kavia/workspace/code-generation/enterprise-project-management-platform-6783-6792/frontend_web_app/src/index.js", "pattern": "/^const root = ReactDOM.createRoot(document.getElementById('root'));$/", "language": "JavaScript", "kind": "constant"}], "hash": "9fc5841375336fc175b49f8767a11383", "format-version": 4, "code-base-name": "frontend_web_app", "filename": "frontend_web_app/src/index.js", "revision_history": [{"24": "24d05a5a7475d298443badfa807076d56af779e2"}]}