{"is_source_file": true, "format": "JavaScript", "description": "Setup file for testing environment using Jest and Testing Library, configuring custom DOM matchers for frontend testing.", "external_files": ["@testing-library/jest-dom"], "external_methods": [], "published": [], "classes": [], "methods": [], "calls": ["import '@testing-library/jest-dom'"], "search-terms": ["setupTests.js", "jest-dom", "custom jest matchers", "DOM nodes", "frontend testing", "testing-library"], "state": 2, "file_id": 5, "knowledge_revision": 20, "git_revision": "24d05a5a7475d298443badfa807076d56af779e2", "ctags": [], "hash": "1a77571e1a8cf36018a41bcedf60db75", "format-version": 4, "code-base-name": "frontend_web_app", "filename": "frontend_web_app/src/setupTests.js", "revision_history": [{"20": "24d05a5a7475d298443badfa807076d56af779e2"}]}