{"is_source_file": false, "format": "", "description": "", "external_files": [], "external_methods": [], "published": [], "classes": [], "methods": [], "calls": [], "search-terms": [], "state": 2, "file_id": 7, "knowledge_revision": 27, "git_revision": "24d05a5a7475d298443badfa807076d56af779e2", "hash": "addacc9fca882fac87d86d4e4e2db759", "format-version": 4, "code-base-name": "frontend_web_app", "filename": "frontend_web_app/src/index.css", "revision_history": [{"27": "24d05a5a7475d298443badfa807076d56af779e2"}]}