{"is_source_file": true, "format": "JavaScript (React JSX)", "description": "This file defines a React component 'App' that manages a theme toggle between light and dark modes. It uses React hooks for state management and effects to apply theme changes to the document. The component includes UI elements like a toggle button, logo, and informational text.", "external_files": ["./logo.svg", "./App.css"], "external_methods": ["document.documentElement.setAttribute"], "published": ["App"], "classes": [], "methods": [{"name": "App()", "description": "React functional component managing theme toggle state and rendering UI.", "scope": "", "scopeKind": ""}, {"name": "toggleTheme", "description": "Function that toggles the theme state between 'light' and 'dark'."}], "calls": ["React.useState", "React.useEffect", "document.documentElement.setAttribute"], "search-terms": ["React", "theme toggle", "useState", "useEffect", "dark mode", "light mode", "App component"], "state": 2, "file_id": 4, "knowledge_revision": 25, "git_revision": "24d05a5a7475d298443badfa807076d56af779e2", "ctags": [{"_type": "tag", "name": "App", "path": "/home/kavia/workspace/code-generation/enterprise-project-management-platform-6783-6792/frontend_web_app/src/App.js", "pattern": "/^function App() {$/", "language": "JavaScript", "kind": "function", "signature": "()"}, {"_type": "tag", "name": "Switch to ${theme === 'light' ? 'dark' : 'light'} mode", "path": "/home/kavia/workspace/code-generation/enterprise-project-management-platform-6783-6792/frontend_web_app/src/App.js", "pattern": "/^          aria-label={`Switch to ${theme === 'light' ? 'dark' : 'light'} mode`}$/", "language": "JavaScript", "kind": "field", "scope": "App.aria", "scopeKind": "class"}, {"_type": "tag", "name": "toggleTheme", "path": "/home/kavia/workspace/code-generation/enterprise-project-management-platform-6783-6792/frontend_web_app/src/App.js", "pattern": "/^          onClick={toggleTheme}$/", "language": "JavaScript", "kind": "field", "scope": "App.onClick", "scopeKind": "class"}], "hash": "b55dd9e6a018e59207d8e277dffd9e11", "format-version": 4, "code-base-name": "frontend_web_app", "filename": "frontend_web_app/src/App.js", "fields": [{"name": "aria-label={`Switch to ${theme === 'light' ? 'dark' : 'light'} mode`}", "scope": "App.aria", "scopeKind": "class", "description": "unavailable"}, {"name": "onClick={toggleTheme}", "scope": "App.onClick", "scopeKind": "class", "description": "unavailable"}], "revision_history": [{"25": "24d05a5a7475d298443badfa807076d56af779e2"}]}