{"is_source_file": true, "file_id": 13, "git_revision": "", "state": 1, "description": "", "external_files": [], "external_methods": [], "published": [], "classes": [], "methods": [], "calls": [], "search-terms": [], "ctags": [{"_type": "tag", "name": "API_BASE", "path": "/home/kavia/workspace/code-generation/enterprise-project-management-platform-6783-6792/frontend_web_app/src/api/client.js", "pattern": "/^const API_BASE = process.env.REACT_APP_API_BASE;$/", "language": "JavaScript", "kind": "constant"}, {"_type": "tag", "name": "createApiClient", "path": "/home/kavia/workspace/code-generation/enterprise-project-management-platform-6783-6792/frontend_web_app/src/api/client.js", "pattern": "/^export function createApiClient({ getToken, onLoading } = {}) {$/", "language": "JavaScript", "kind": "function", "signature": "({ getToken, onLoading } = {})"}, {"_type": "tag", "name": "getApiBase", "path": "/home/kavia/workspace/code-generation/enterprise-project-management-platform-6783-6792/frontend_web_app/src/api/client.js", "pattern": "/^export function getApiBase() {$/", "language": "JavaScript", "kind": "function", "signature": "()"}, {"_type": "tag", "name": "joinUrl", "path": "/home/kavia/workspace/code-generation/enterprise-project-management-platform-6783-6792/frontend_web_app/src/api/client.js", "pattern": "/^function joinUrl(base, path) {$/", "language": "JavaScript", "kind": "function", "signature": "(base, path)"}, {"_type": "tag", "name": "request", "path": "/home/kavia/workspace/code-generation/enterprise-project-management-platform-6783-6792/frontend_web_app/src/api/client.js", "pattern": "/^  async function request(method, path, { body, headers, signal } = {}) {$/", "language": "JavaScript", "kind": "function", "signature": "(method, path, { body, headers, signal } = {})", "scope": "createApiClient", "scopeKind": "function"}, {"_type": "tag", "name": "safeJsonParse", "path": "/home/kavia/workspace/code-generation/enterprise-project-management-platform-6783-6792/frontend_web_app/src/api/client.js", "pattern": "/^function safeJsonParse(text) {$/", "language": "JavaScript", "kind": "function", "signature": "(text)"}], "format": "JavaScript", "hash": "638f80c67fff4759b4bffe86dd032255", "format-version": 4, "code-base-name": "frontend_web_app", "filename": "frontend_web_app/src/api/client.js", "knowledge_revision": 28}