{"is_source_file": false, "format": "", "description": "", "external_files": [], "external_methods": [], "published": [], "classes": [], "methods": [], "calls": [], "search-terms": [], "state": 2, "file_id": 9, "knowledge_revision": 14, "git_revision": "24d05a5a7475d298443badfa807076d56af779e2", "hash": "d001d53c059625c4bcf75bf5a7f3fcf0", "format-version": 4, "code-base-name": "frontend_web_app", "filename": "frontend_web_app/package.json", "revision_history": [{"14": "24d05a5a7475d298443badfa807076d56af779e2"}]}