{"is_source_file": false, "format": "", "description": "", "external_files": [], "external_methods": [], "published": [], "classes": [], "methods": [], "calls": [], "search-terms": ["enterprise-project-management-platform-6783-6792"], "state": 2, "file_id": 1, "knowledge_revision": 16, "git_revision": "3775cda59e4e6454e8abca7287e25a7f608c9e46", "hash": "1c04be695eb7ae4acfc432e2ca16302a", "format-version": 4, "code-base-name": "frontend_web_app", "filename": "README.md", "revision_history": [{"16": "3775cda59e4e6454e8abca7287e25a7f608c9e46"}]}